Workbook

Sheet Protocole_Chrono_AZUD_V11
A1: PLANNING CHRONOLOGIQUE DES INTRODUCTIONS ET DU SOUFFLET D'AIR (V11)
A3: Bac cible | B3: Ordre Intro | C3: Nom de l'Engrais / Produit | D3: Brassage Réel (min) | E3: Nbre Cycles Air (M/A) | F3: Chrono Terrain (min) | G3: Statut Soufflerie Air | H3: Prix Unitaire Relevé | I3: Règle Opérationnelle à l'Introduction
A4: BAC B (Macro-nutrition) | B4: 1 | C4: Acide Phosphorique / حامض فوسفوريك | D4: 2 | E4: =ROUNDUP(D4/5,0) | F4: =(E4*7)-2 | G4: ="5 min ON / 2 min OFF" | H4: =VLOOKUP(C4,Donnees_Engrais_Prix!A:E,4,FALSE) | I4: À verser au tout début du premier cycle de marche. Acidifie l'eau pour les poudres.
A5: BAC B (Macro-nutrition) | B5: 2 | C5: Sulfate de Potassium / سلفات البوتاسيوم SOP | D5: 10 | E5: =ROUNDUP(D5/5,0) | F5: =(E5*7)-2 | G5: ="5 min ON / 2 min OFF" | H5: =VLOOKUP(C5,Donnees_Engrais_Prix!A:E,4,FALSE) | I5: CRITIQUE : Verser très lentement en pluie fine face aux bulles d'air. Ne jamais vider d'un coup.
A6: BAC B (Macro-nutrition) | B6: 3 | C6: MKP (0-52-34) / ام كي بي | D6: 5 | E6: =ROUNDUP(D6/5,0) | F6: =(E6*7)-2 | G6: ="5 min ON / 2 min OFF" | H6: =VLOOKUP(C6,Donnees_Engrais_Prix!A:E,4,FALSE) | I6: Introduire au deuxième cycle de marche. Demande un bouillonnement constant.
A7: BAC B (Macro-nutrition) | B7: 4 | C7: MAP (12-61-0) / ماب | D7: 5 | E7: =ROUNDUP(D7/5,0) | F7: =(E7*7)-2 | G7: ="5 min ON / 2 min OFF" | H7: =VLOOKUP(C7,Donnees_Engrais_Prix!A:E,4,FALSE) | I7: Introduire au troisième cycle de marche. Profite de l'eau déjà bien acide.
A8: BAC B (Macro-nutrition) | B8: 5 | C8: DAP / داب | D8: 5 | E8: =ROUNDUP(D8/5,0) | F8: =(E8*7)-2 | G8: ="5 min ON / 2 min OFF" | H8: =VLOOKUP(C8,Donnees_Engrais_Prix!A:E,4,FALSE) | I8: Optionnel selon formule. Laisser le flux d'air casser les grains.
A9: BAC B (Macro-nutrition) | B9: 6 | C9: Nitrate de Potassium / نترات البوتاسيوم | D9: 5 | E9: =ROUNDUP(D9/5,0) | F9: =(E9*7)-2 | G9: ="5 min ON / 2 min OFF" | H9: =VLOOKUP(C9,Donnees_Engrais_Prix!A:E,4,FALSE) | I9: Introduire au quatrième cycle. Attention, refroidit l'eau du puits.
A10: BAC B (Macro-nutrition) | B10: 7 | C10: Sulfate de Magnésium / سلفات ماغنسيوم | D10: 2 | E10: =ROUNDUP(D10/5,0) | F10: =(E10*7)-2 | G10: ="5 min ON / 2 min OFF" | H10: =VLOOKUP(C10,Donnees_Engrais_Prix!A:E,4,FALSE) | I10: Très soluble, fond rapidement en milieu de cycle.
A11: BAC B (Macro-nutrition) | B11: 8 | C11: Nitrate de Magnésium / نترات ماغنسيوم | D11: 2 | E11: =ROUNDUP(D11/5,0) | F11: =(E11*7)-2 | G11: ="5 min ON / 2 min OFF" | H11: =VLOOKUP(C11,Donnees_Engrais_Prix!A:E,4,FALSE) | I11: Complète le magnésium. Dissolution facile.
A12: BAC B (Macro-nutrition) | B12: 9 | C12: Urée / يوريا | D12: 3 | E12: =ROUNDUP(D12/5,0) | F12: =(E12*7)-2 | G12: ="5 min ON / 2 min OFF" | H12: =VLOOKUP(C12,Donnees_Engrais_Prix!A:E,4,FALSE) | I12: Placer obligatoirement à la fin pour éviter que le gel de l'eau ne bloque le SOP.
A13: BAC B (Macro-nutrition) | B13: 10 | C13: Sulfate d'Ammonium / سلفات أمونيوم | D13: 2 | E13: =ROUNDUP(D13/5,0) | F13: =(E13*7)-2 | G13: ="5 min ON / 2 min OFF" | H13: =VLOOKUP(C13,Donnees_Engrais_Prix!A:E,4,FALSE) | I13: Action acidifiante racinaire. Se dissout instantanément.
A14: BAC B (Macro-nutrition) | B14: 11 | C14: Nitrate d'Ammonium / نترات أمونيوم | D14: 2 | E14: =ROUNDUP(D14/5,0) | F14: =(E14*7)-2 | G14: ="5 min ON / 2 min OFF" | H14: =VLOOKUP(C14,Donnees_Engrais_Prix!A:E,4,FALSE) | I14: Dernier ajout de croissance azotée rapide. Dissolution éclair.
A15: BAC C (Organique/Fer) | B15: 1 | C15: Fer 6% / حديد 6% | D15: 5 | E15: =ROUNDUP(D15/5,0) | F15: =(E15*7)-2 | G15: ="5 min ON / 2 min OFF" | H15: =VLOOKUP(C15,Donnees_Engrais_Prix!A:E,4,FALSE) | I15: Démarrer l'air à 80% d'eau. La poudre rouge doit se disperser sans grumeaux.
... A21: BAC A (Bloc Calcium) | B21: 2 | C21: Nitrate de Calcium / نترات كالسـيوم | D21: 4 | E21: =ROUNDUP(D21/5,0) | F21: =(E21*7)-2 | G21: ="5 min ON / 2 min OFF" | H21: =VLOOKUP(C21,Donnees_Engrais_Prix!A:E,4,FALSE) | I21: Engrais d'une solubilité extrême. Dissolution totale sans aucun résidu de sable.
A22: TOTAL LOGISTIQUE DU PROGRAMME | D22: =SUM(D4:D21) | E22: =SUM(E4:E21) | F22: =SUM(F4:F21)

Sheet Donnees_Engrais_Prix
A1: Produit | B1: Type Nutritionnel | C1: Solubilité (g/L) | D1: Prix Unitaire (DA/kg ou L) | E1: Note Technique de Terrain
A2: Acide Phosphorique / حامض فوسفوريك | B2: Acide / Phosphore | C2: 5000 | D2: 461.74 | E2: Sécurité : Toujours verser l'acide dans l'eau. Chute le pH.
A3: Sulfate de Potassium / سلفات البوتاسيوم SOP | B3: Potassium / Soufre | C3: 10 | D3: 168.07 | E3: CRITIQUE : Très difficile à dissoudre. Demande de l'eau acide.
A4: MKP (0-52-34) / ام كي بي | B4: Phosphore / Potassium | C4: 20 | D4: 230 | E4: Idéal pour la phase de fructification. Solubilité moyenne.
A5: MAP (12-61-0) / ماب | B5: Phosphore / Azote | C5: 35 | D5: 461.74 | E5: Source de phosphore pure et hautement acidifiante.
A6: DAP / داب | B6: Phosphore / Azote | C6: 55 | D6: 550 | E6: Vigilance sur sol calcaire (Bénahar pH 8.6).
A7: Nitrate de Potassium / نترات البوتاسيوم | B7: Potassium / Azote | C7: 30 | D7: 218.49 | E7: Sensible à l'eau froide du puits. Ralentit en hiver.
A8: Sulfate de Magnésium / سلفات ماغنسيوم | B8: Magnésium / Soufre | C8: 25 | D8: 201.7 | E8: Sel d'Epsom. Parfaitement compatible dans le bloc B.
A9: Nitrate de Magnésium / نترات ماغنسيوم | B9: Magnésium / Azote | C9: 70 | D9: 218.49 | E9: Excellente source de magnésium, très soluble.
A10: Urée / يوريا | B10: Azote | C10: 105 | D10: 378.15 | E10: Très soluble. Glace fortement l'eau (effet endothermique).
A11: Sulfate d'Ammonium / سلفات أمونيوم | B11: Azote / Soufre | C11: 70 | D11: 75 | E11: Acidification forte de la zone racinaire.
A12: Nitrate d'Ammonium / نترات أمونيوم | B12: Azote | C12: 180 | D12: 190 | E12: Dissolution éclair pour un coup de fouet azoté.
A13: Fer 6% / حديد 6% | B13: Oligo-élément Chélate | C13: 120 | D13: 3450 | E13: Chélate précieux (EDDHA). Sensible aux UV directs.
... A19: Acide Nitrique / حامض نيتريك | B19: Acide / Azote | C19: 5000 | D19: 378.15 | E19: CORROSIF : Gants + lunettes de protection obligatoires.
